{
    "data_path": "parsedData.mat",
    "batch_size": 16,
    "num_epochs": 1000,
    "learning_rate": 0.0029324647881807608,
    "num_classes": 8,
    "pad_value": 99.0,
    "models_dir": "saved_models",
    "lambda_cls": 8.22709706441523,
    "latent_dim": 128,
    "optimizer_params": {
        "weight_decay": 0.0004324299415787174
    },
    "model_params": {
        "dropout_rate": 0.31327353244331535
    },
    "patience": 50
} 