{
    "data_path": "parsedData.mat",
    "batch_size": 64,
    "num_epochs": 1000,
    "learning_rate": 0.001929275485006379,
    "num_classes": 8,
    "pad_value": 99.0,
    "models_dir": "saved_models",
    "lambda_cls": 2.5979696840893998,
    "latent_dim": 512,
    "optimizer_params": {
        "weight_decay": 0.00015945530650523433
    },
    "model_params": {
        "dropout_rate": 0.2208372224158506
    },
    "patience": 50
} 